experiment,repeat,split_seed,fold,model_seed,encoding_seed,loaded_checkpoint,auc,best_rounds,rounds_trained,hit_round_limit,n_features,fit_seconds
full_reference,1,20260915,1,20261219,20260916,False,0.9450486292072324,2278,2478,False,205,155.448657828
no_digits,1,20260915,1,20261219,20260916,False,0.9449346171448538,2133,2333,False,113,89.311643517
no_frequency,1,20260915,1,20261219,20260916,False,0.944565535349695,2520,2720,False,192,142.27310211399998
no_ratios_charging,1,20260915,1,20261219,20260916,False,0.9450919201801254,2562,2762,False,193,164.75895415000002
no_recipe_prior,1,20260915,1,20261219,20260916,False,0.9449998470302443,2986,3186,False,205,175.1098516520001
no_target_encoding,1,20260915,1,20261219,20260916,False,0.9435870528561611,5170,5370,False,193,273.050304587
full_reference,1,20260915,2,20261220,20260917,False,0.9452232949888288,2536,2736,False,205,151.5683722870001
no_digits,1,20260915,2,20261220,20260917,False,0.9451321988191232,2409,2609,False,113,100.58771049999996
no_frequency,1,20260915,2,20261220,20260917,False,0.9447046015279446,3024,3224,False,192,178.3255141069999
no_ratios_charging,1,20260915,2,20261220,20260917,False,0.9452424640049804,2494,2694,False,193,143.5727845780002
no_recipe_prior,1,20260915,2,20261220,20260917,False,0.945149729704297,2890,3090,False,205,170.9750321309998
no_target_encoding,1,20260915,2,20261220,20260917,False,0.9437426210686517,5979,6000,True,193,306.33238427800006
full_reference,1,20260915,3,20261221,20260918,False,0.945642530417705,2703,2903,False,205,160.23538853599985
no_digits,1,20260915,3,20261221,20260918,False,0.9455231027025695,2392,2592,False,113,99.06228268599989
no_frequency,1,20260915,3,20261221,20260918,False,0.945148669084138,2895,3095,False,192,165.97129619099996
no_ratios_charging,1,20260915,3,20261221,20260918,False,0.9456702494008797,2438,2638,False,193,139.4548550909999
no_recipe_prior,1,20260915,3,20261221,20260918,False,0.9455776001453153,3442,3642,False,205,198.4258179909998
no_target_encoding,1,20260915,3,20261221,20260918,False,0.9442057226720192,5904,6000,True,193,303.2094429150002
