experiment,repeat,split_seed,fold,model_seed,encoding_seed,loaded_checkpoint,auc,best_rounds,rounds_trained,hit_round_limit,n_features,fit_seconds,reference_fold_auc,delta_vs_reference
full_reference,1,20260915,1,20261219,20260916,False,0.9450486292072324,2278,2478,False,205,155.448657828,0.9450486292072324,0.0
no_digits,1,20260915,1,20261219,20260916,False,0.9449346171448538,2133,2333,False,113,89.311643517,0.9450486292072324,-0.00011401206237859896
no_frequency,1,20260915,1,20261219,20260916,False,0.944565535349695,2520,2720,False,192,142.27310211399998,0.9450486292072324,-0.00048309385753741996
no_ratios_charging,1,20260915,1,20261219,20260916,False,0.9450919201801254,2562,2762,False,193,164.75895415000002,0.9450486292072324,4.329097289301753e-05
no_recipe_prior,1,20260915,1,20261219,20260916,False,0.9449998470302443,2986,3186,False,205,175.1098516520001,0.9450486292072324,-4.878217698811582e-05
no_target_encoding,1,20260915,1,20261219,20260916,False,0.9435870528561611,5170,5370,False,193,273.050304587,0.9450486292072324,-0.0014615763510713586
full_reference,1,20260915,2,20261220,20260917,False,0.9452232949888288,2536,2736,False,205,151.5683722870001,0.9452232949888288,0.0
no_digits,1,20260915,2,20261220,20260917,False,0.9451321988191232,2409,2609,False,113,100.58771049999996,0.9452232949888288,-9.109616970559564e-05
no_frequency,1,20260915,2,20261220,20260917,False,0.9447046015279446,3024,3224,False,192,178.3255141069999,0.9452232949888288,-0.0005186934608842897
no_ratios_charging,1,20260915,2,20261220,20260917,False,0.9452424640049804,2494,2694,False,193,143.5727845780002,0.9452232949888288,1.916901615151012e-05
no_recipe_prior,1,20260915,2,20261220,20260917,False,0.945149729704297,2890,3090,False,205,170.9750321309998,0.9452232949888288,-7.356528453184019e-05
no_target_encoding,1,20260915,2,20261220,20260917,False,0.9437426210686517,5979,6000,True,193,306.33238427800006,0.9452232949888288,-0.0014806739201771446
full_reference,1,20260915,3,20261221,20260918,False,0.945642530417705,2703,2903,False,205,160.23538853599985,0.945642530417705,0.0
no_digits,1,20260915,3,20261221,20260918,False,0.9455231027025695,2392,2592,False,113,99.06228268599989,0.945642530417705,-0.00011942771513551165
no_frequency,1,20260915,3,20261221,20260918,False,0.945148669084138,2895,3095,False,192,165.97129619099996,0.945642530417705,-0.0004938613335669917
no_ratios_charging,1,20260915,3,20261221,20260918,False,0.9456702494008797,2438,2638,False,193,139.4548550909999,0.945642530417705,2.7718983174773726e-05
no_recipe_prior,1,20260915,3,20261221,20260918,False,0.9455776001453153,3442,3642,False,205,198.4258179909998,0.945642530417705,-6.493027238962945e-05
no_target_encoding,1,20260915,3,20261221,20260918,False,0.9442057226720192,5904,6000,True,193,303.2094429150002,0.945642530417705,-0.0014368077456857753
