feature,mean_gain_across_models
EV_recipe_probability,2079.7208124478657
EV_recipe_distance,1778.0301073710123
EV_recipe_score,1684.5437287012735
Subsidy_x_concern_Yes__5,1327.978764851888
Concern_x_subsidy,1322.3160771687826
TE_subsidy_concern_anxiety,884.5084265391032
Subsidy_flag,464.1669299284617
Subsidy_Available_frequency,457.222629181544
Concern_minus_anxiety,421.4883250872294
Subsidy_x_concern_Yes__4,310.33942675590515
Subsidy_Available_No,298.2140439669291
Subsidy_Available_Yes,258.4973333040873
TE_income_subsidy_concern,221.8950533548991
Subsidy_x_anxiety_Yes__Low,216.25462358792623
Subsidy_x_concern_Yes__3,189.44321502049763
Environmental_Concern_Level,129.33192971547444
Income_digit_hundred_thousands_0,117.73857553799947
Income_digit_hundred_thousands_1,94.69875685373943
TE_recipe_residual_income_exact,72.63683598836263
TE_income_exact,70.74695612589518
Environmental_Concern_Level_frequency,63.39912258783976
Income_x_subsidy,49.93535861968994
Range_Anxiety_Level_Low,45.344447199503584
Commute_tens_digit_1,45.018123881022134
TE_age_gender,36.740085156758624
Range_anxiety_ordinal,36.26120704015096
Subsidy_x_anxiety_No__Low,36.09227283795675
Income_digit_ten_thousands_6,35.18692518870036
TE_commute_exact,34.297987429300946
Subsidy_x_concern_No__1,33.488214047749835
Range_Anxiety_Level_frequency,32.49630538622538
Home_Charging_Possible_frequency,30.937638600667317
Home_Charging_Possible_No,30.909465789794922
Home_charging_flag,30.258680216471355
Annual_Income_USD_frequency,29.74056955973307
Home_Charging_Possible_Yes,29.214230918884276
Subsidy_x_concern_Yes__2,24.24159138997396
TE_recipe_residual_income_subsidy_concern,23.949755223592124
Annual_Income_USD_winsorized,22.253031571706135
Annual_Income_USD,21.21835533777873
TE_commute_anxiety,20.28558457692464
Log_income,20.220733642578125
Income_digit_hundreds_1,18.309739780426025
Income_digit_ten_thousands_5,17.977516078948973
Income_at_least_170k,17.944260533650716
City_x_home_charge_Urban__Yes,17.41763881047567
Range_Anxiety_Level_Medium,17.032974370320638
Income_digit_thousands_8,14.406893634796143
TE_recipe_residual_commute_exact,14.298237005869547
Commute_tens_digit_6,14.124333397547405
City_x_home_charge_Urban__No,14.073743756612142
Subsidy_x_concern_Yes__1,13.811138900121053
Income_digit_ten_thousands_1,13.772687562306722
Subsidy_x_concern_No__5,13.324260489145916
Daily_Commute_km_winsorized,13.240697288513184
Income_digit_ten_thousands_7,13.024948024749756
TE_recipe_residual_commute_anxiety,13.010974788665772
Daily_Commute_km,12.95035524368286
Income_digit_thousands_0,12.59815772374471
Log_commute,12.51838363011678
Income_digit_ten_thousands_0,12.510595448811848
Income_digit_thousands_1,12.381650257110596
Income_digit_thousands_9,12.125900395711263
Income_digit_hundreds_9,11.640048027038574
Commute_ones_digit_7,11.5840735912323
Home_access_score,11.436220169067383
Subsidy_x_anxiety_Yes__Medium,11.10343697865804
Commute_ones_digit_3,10.570532242457071
Income_digit_thousands_3,10.468195374806722
Income_digit_ten_thousands_9,10.254697863260905
Income_digit_ten_thousands_2,10.161951446533203
TE_city_home,10.095783710479736
Income_digit_ten_thousands_4,9.984068155288696
Current_Car_Type_frequency,9.879012950261433
TE_charger_pair,9.737228027979533
Income_digit_thousands_4,9.689367945988973
Income_digit_hundreds_8,9.65295877456665
City_x_home_charge_Suburban__Yes,9.609772777557373
Charging_Stations_Near_Home,9.595238701502483
Commute_x_anxiety,9.476593240102131
Income_digit_tens_0,9.444357872009277
Station_maximum,9.440258836746215
Income_digit_ten_thousands_8,9.440234486262003
Charging_Stations_Near_Work,9.413223505020142
Commute_ones_digit_6,9.410665527979534
Current_Car_Type_Truck,9.248233127593995
City_Type_Rural,9.18944296836853
City_Type_Urban,9.089694499969482
Commute_ones_digit_8,9.087953344980876
Charging_Stations_Near_Home_frequency,9.075496753056845
Commute_ones_digit_0,9.062408399581908
Income_digit_ones_6,9.04503501256307
Daily_Commute_km_frequency,9.017557064692179
City_Type_frequency,9.008894125620523
Income_digit_hundreds_0,8.966736237208048
Income_digit_tens_7,8.922392400105794
Income_digit_hundreds_3,8.894807402292887
Income_per_car,8.879503138860066
Income_digit_hundreds_6,8.875417073567709
City_Type_Suburban,8.822770182291666
Income_digit_hundreds_2,8.802385616302491
Income_digit_thousands_5,8.775770139694213
Income_digit_tens_9,8.771852652231852
City_x_home_charge_Rural__Yes,8.746962801615398
Either_station_zero,8.72055508295695
Current_Car_Type_Hatchback,8.709152523676554
Age_ones_digit_3,8.693967962265015
Income_digit_ones_9,8.636356369654338
City_x_car_type_Rural__Hatchback,8.622449159622192
Commute_tenths_digit_9,8.557907740275065
Income_digit_thousands_2,8.549354934692383
Income_digit_tens_2,8.54635051091512
Income_digit_hundreds_4,8.544748576482137
Income_digit_hundreds_7,8.49159034093221
City_x_car_type_Suburban__SUV,8.451708889007568
Income_digit_ones_0,8.42579026222229
Income_digit_ones_7,8.405359315872193
Subsidy_x_concern_No__4,8.296633927027385
Stations_per_commute,8.284179512659708
Age_ones_digit_5,8.27217477162679
City_x_car_type_Urban__Truck,8.242218319574992
Income_digit_ones_3,8.192970673243204
Commute_tens_digit_4,8.155471738179525
Income_digit_tens_4,8.121577040354412
Age_ones_digit_1,8.102796443303426
Age_ones_digit_7,8.093653869628906
Income_digit_tens_5,8.092702039082845
Number_of_Cars_Owned,8.084244585037231
Commute_tenths_digit_7,8.081455659866332
Income_digit_ten_thousands_3,8.069636503855387
Station_difference,8.033817307154338
Commute_per_station,8.020211664835612
Commute_ones_digit_9,8.00180918375651
Income_digit_ones_1,7.998356787363688
Commute_tens_digit_5,7.985782766342163
Income_digit_thousands_7,7.978847503662109
City_x_car_type_Urban__Sedan,7.977936712900798
Charging_Stations_Near_Work_frequency,7.9570914586385095
Commute_tenths_digit_4,7.903058878580729
Commute_tens_digit_2,7.892938089370728
Number_of_Cars_Owned_frequency,7.816973225275675
Age_ones_digit_8,7.811300579706828
City_x_car_type_Urban__SUV,7.808664083480835
Age_ones_digit_4,7.781892887751261
Station_product,7.758347606658935
Subsidy_x_concern_No__3,7.719318008422851
Age_ones_digit_6,7.7007939179738365
Station_minimum,7.6958303610483805
Income_digit_ones_8,7.689761813481649
City_x_car_type_Suburban__Hatchback,7.689524507522583
Income_per_commute,7.689406013488769
City_x_car_type_Suburban__Sedan,7.6887972513834635
Income_digit_ones_5,7.68074189821879
Gender_Other,7.6304303169250485
Commute_ones_digit_2,7.617711718877157
Income_digit_thousands_6,7.615661334991455
Age,7.606887213389078
Age_ones_digit_0,7.60312705039978
Total_charging_stations,7.575026973088582
Age_ones_digit_9,7.563811000188192
Commute_tens_digit_7,7.552810557683309
Commute_tens_digit_3,7.462252632776896
City_x_car_type_Suburban__Truck,7.456316550572713
Income_digit_ones_2,7.451228332519531
Age_frequency,7.44890866279602
Commute_tenths_digit_2,7.431953318913778
Income_digit_ones_4,7.429568799336751
Age_ones_digit_2,7.429522593816121
City_x_home_charge_Suburban__No,7.41219801902771
Commute_tenths_digit_3,7.397785472869873
Income_digit_tens_3,7.310595353444417
City_x_car_type_Urban__Hatchback,7.286801131566365
Income_digit_tens_8,7.263329728444417
City_x_car_type_Rural__Truck,7.246578931808472
City_x_car_type_Rural__Sedan,7.190902376174927
Commute_ones_digit_1,7.1787164052327475
Current_Car_Type_SUV,7.1262410958608
Income_digit_tens_6,7.074288034439087
Income_digit_hundreds_5,7.04759259223938
Gender_frequency,7.027416245142619
Gender_Male,7.013861163457235
Commute_tenths_digit_8,6.98710831006368
Commute_tenths_digit_6,6.958826335271199
City_x_car_type_Rural__SUV,6.957405376434326
Commute_tenths_digit_5,6.866345548629761
Commute_tenths_digit_1,6.788128121693929
Income_digit_tens_1,6.756623315811157
Current_Car_Type_Sedan,6.703232701619466
Gender_Female,6.697225030263265
Commute_ones_digit_4,6.633358891805013
Commute_tenths_digit_0,6.53304812113444
Commute_ones_digit_5,6.31836036046346
Income_at_floor,6.269518597920736
Subsidy_x_concern_No__2,5.994529438018799
City_x_home_charge_Rural__No,5.3827139139175415
No_nearby_station,4.6695513248443605
Subsidy_x_anxiety_No__Medium,4.1875185171763105
Commute_tens_digit_0,0.812044095993042
Commute_at_floor,0.6540363152821859
