number,value,datetime_start,datetime_complete,duration,params_colsample_bynode,params_colsample_bytree,params_gamma,params_grow_policy,params_learning_rate,params_max_delta_step,params_max_depth,params_max_leaves,params_min_child_weight,params_reg_alpha,params_reg_lambda,params_scale_pos_weight,params_subsample,user_attrs_best_iterations,user_attrs_fold_auc,user_attrs_fold_auc_std,system_attrs_fixed_params,system_attrs_tpe:relative_params:0,state
0,0.945174285911578,2026-09-15 17:44:21.509878,2026-09-15 17:47:47.996646,0 days 00:03:26.486768,0.9,0.82,0.02,depthwise,0.035,0,5.0,,18.0,0.08,5.0,1.0,0.9,"[800, 847, 794]","[0.9449506493438145, 0.9450683824422829, 0.9455038259486364]",0.00023792540516881104,"{'learning_rate': 0.035, 'grow_policy': 'depthwise', 'max_depth': 5, 'min_child_weight': 18.0, 'subsample': 0.9, 'colsample_bytree': 0.82, 'colsample_bynode': 0.9, 'reg_alpha': 0.08, 'reg_lambda': 5.0, 'gamma': 0.02, 'max_delta_step': 0, 'scale_pos_weight': 1.0}",,COMPLETE
1,0.945086335840925,2026-09-15 17:47:48.065263,2026-09-15 17:50:21.072538,0 days 00:02:33.007275,0.8193310363234336,0.8253875352093305,0.22131989122907114,depthwise,0.037694094682979566,1,6.0,,50.82423800571425,0.036656615564296065,2.0594334698003713,1.9150454457965378,0.8548195615416869,"[489, 511, 558]","[0.9448813549228596, 0.9449452820069129, 0.9454323705930026]",0.00024607140596841985,,,COMPLETE
2,0.9451011375969728,2026-09-15 17:50:21.135631,2026-09-15 17:54:16.172431,0 days 00:03:55.036800,0.8473346817049601,0.7399461105699047,1.5194020803776074,lossguide,0.025028237319409428,4,,25.0,15.167727783129715,0.00018444854461109215,5.58623721366186,0.8658563775712244,0.9545658912692698,"[1094, 926, 1238]","[0.9448683178690057, 0.9450344143884704, 0.9454006805334421]",0.0002223982786745112,,,COMPLETE
3,0.9451989860879652,2026-09-15 17:54:16.234887,2026-09-15 18:00:14.504145,0 days 00:05:58.269258,0.8470122414003433,0.704491819296629,0.0005149384629999008,depthwise,0.014741643640255847,0,5.0,,2.0680223167571725,0.012918302589252173,0.7514395967487433,1.173239877594209,0.7391462353150087,"[1395, 1700, 1993]","[0.9449596955240873, 0.9451198690923195, 0.9455173936474885]",0.00023445173413918428,,,COMPLETE
4,0.9451341747030533,2026-09-15 18:00:14.571085,2026-09-15 18:04:12.648500,0 days 00:03:58.077415,0.5501544563213656,0.7671162174350958,0.6201061283774549,depthwise,0.024522295147484528,1,6.0,,63.5435360676649,1.0653976835115375,6.763298444781926,1.6112884143697177,0.7450174589531879,"[794, 974, 906]","[0.9448997606435761, 0.9450113007590694, 0.9454914627065147]",0.000256711689649582,,,COMPLETE
5,0.9448756506420827,2026-09-15 18:04:12.711531,2026-09-15 18:06:21.305481,0 days 00:02:08.593950,0.5550234897140772,0.7686267470548961,1.901045878448605,lossguide,0.04059855690196135,4,,120.0,52.38970483600123,0.00017070431172590064,2.484710030406746,1.61817299674593,0.9779408087333656,"[254, 225, 233]","[0.9446528437213311, 0.9447660389456382, 0.9452080692592789]",0.00023955499367989155,,,COMPLETE
6,0.945207924307534,2026-09-15 18:06:21.368636,2026-09-15 18:10:07.970878,0 days 00:03:46.602242,0.9609264154694763,0.6442287091348937,0.09287637934827755,depthwise,0.050557730745581786,1,3.0,,3.7616056010096592,0.012703144160074937,22.85606706568974,1.8280040210207924,0.959351470782313,"[1233, 1553, 1358]","[0.9449421997208717, 0.9451252047309018, 0.9455563684708284]",0.0002574654794006242,,,COMPLETE
7,0.9452463083016754,2026-09-15 18:10:08.038579,2026-09-15 18:16:53.931733,0 days 00:06:45.893154,0.6832954768667348,0.6352406311123894,1.0378514655158724,depthwise,0.02584746301099592,3,3.0,,11.717155509377351,0.002330900908760878,5.3279346917052814,0.9875911686586434,0.8388445904093212,"[2511, 2657, 2623]","[0.9449835938453345, 0.945163839164296, 0.9455914918953959]",0.000254932512353383,,,COMPLETE
8,0.9450134583797857,2026-09-15 18:16:53.997187,2026-09-15 18:18:51.488675,0 days 00:01:57.491488,0.6784288130007458,0.6448805525168413,0.22515257737350355,lossguide,0.04794152087640522,4,,42.0,10.478895557833948,0.0008102561217368336,4.634227926083135,1.575236284060351,0.7120943851388626,"[324, 320, 345]","[0.944795394111672, 0.9449791176752204, 0.9452658633524649]",0.00019359715842540642,,,COMPLETE
9,0.9450051848278438,2026-09-15 18:18:51.552181,2026-09-15 18:21:27.865200,0 days 00:02:36.313019,0.7317291412517032,0.8900176926420311,0.013602600243581885,lossguide,0.03678831703410394,2,,48.0,16.471753024726414,0.013829790984825525,26.73101267973178,1.5329776937612059,0.6717349987459214,"[365, 461, 367]","[0.9448136247193519, 0.9448589601640414, 0.9453429696001383]",0.00023956591289497206,,,COMPLETE
10,0.9450508635286884,2026-09-15 18:21:27.928551,2026-09-15 18:26:04.939904,0 days 00:04:37.011353,0.9160673488677655,0.5907201900710819,0.29385489775912843,depthwise,0.022611893894252767,4,8.0,,16.08692761131253,0.06925892336171839,24.264397655610416,1.3437933762201755,0.9093141367537364,"[716, 699, 739]","[0.9448191364510516, 0.9449515239555455, 0.945381930179468]",0.0002402574428682212,,"{""colsample_bynode"": 0.9160673488677655, ""colsample_bytree"": 0.5907201900710819, ""gamma"": 0.29385489775912843, ""grow_policy"": ""depthwise"", ""learning_rate"": 0.022611893894252767, ""max_delta_step"": 4, ""min_child_weight"": 16.08692761131253, ""reg_alpha"": 0.06925892336171839, ""reg_lambda"": 24.264397655610416, ""scale_pos_weight"": 1.3437933762201755, ""subsample"": 0.9093141367537364, ""max_depth"": 8, ""max_leaves"": 150}",COMPLETE
11,0.9452007803474647,2026-09-15 18:26:05.001655,2026-09-15 18:29:13.015358,0 days 00:03:08.013703,0.9699087044805264,0.6942540457075564,0.10144414771385299,depthwise,0.06645451000259282,2,3.0,,2.3947488400415295,0.0631857400630293,7.587104942053234,2.223853306363221,0.8973780474827994,"[1020, 1104, 1114]","[0.9449348835847848, 0.9451479605144624, 0.945519496943147]",0.00024157213658678876,,"{""colsample_bynode"": 0.9699087044805264, ""colsample_bytree"": 0.6942540457075564, ""gamma"": 0.10144414771385299, ""grow_policy"": ""depthwise"", ""learning_rate"": 0.06645451000259282, ""max_delta_step"": 2, ""min_child_weight"": 2.3947488400415295, ""reg_alpha"": 0.0631857400630293, ""reg_lambda"": 7.587104942053234, ""scale_pos_weight"": 2.223853306363221, ""subsample"": 0.8973780474827994, ""max_depth"": 3, ""max_leaves"": 160}",COMPLETE
12,0.9452270980466114,2026-09-15 18:29:13.076767,2026-09-15 18:34:52.659591,0 days 00:05:39.582824,0.7200266913386231,0.7019735271758181,1.5405843736816442,depthwise,0.035467446225110305,4,3.0,,2.177272753991714,0.009375537366939211,2.808212399239589,1.0028097192578291,0.8188443158330116,"[1616, 2322, 2487]","[0.9450022051912075, 0.9451011539992524, 0.9455779349493745]",0.0002513465282680973,,"{""colsample_bynode"": 0.7200266913386231, ""colsample_bytree"": 0.7019735271758181, ""gamma"": 1.5405843736816442, ""grow_policy"": ""depthwise"", ""learning_rate"": 0.035467446225110305, ""max_delta_step"": 4, ""min_child_weight"": 2.177272753991714, ""reg_alpha"": 0.009375537366939211, ""reg_lambda"": 2.808212399239589, ""scale_pos_weight"": 1.0028097192578291, ""subsample"": 0.8188443158330116, ""max_depth"": 3, ""max_leaves"": 144}",COMPLETE
13,0.9452386989669274,2026-09-15 18:34:52.723601,2026-09-15 18:44:04.874966,0 days 00:09:12.151365,0.7058170329780821,0.6152520207546367,0.06008852675942842,depthwise,0.027594117264426572,4,3.0,,16.91942123556185,0.000689934120235518,4.591549017342807,1.0417455981433676,0.8418636407777932,"[2039, 2487, 2598]","[0.9450008008656479, 0.9451231096744259, 0.9455921863607086]",0.00025489195665068844,,"{""colsample_bynode"": 0.7058170329780821, ""colsample_bytree"": 0.6152520207546367, ""gamma"": 0.06008852675942842, ""grow_policy"": ""depthwise"", ""learning_rate"": 0.027594117264426572, ""max_delta_step"": 4, ""min_child_weight"": 16.91942123556185, ""reg_alpha"": 0.000689934120235518, ""reg_lambda"": 4.591549017342807, ""scale_pos_weight"": 1.0417455981433676, ""subsample"": 0.8418636407777932, ""max_depth"": 3, ""max_leaves"": 16}",COMPLETE
14,0.9451820364763367,2026-09-15 18:44:04.947350,2026-09-15 18:50:07.925566,0 days 00:06:02.978216,0.6382905875167972,0.6622737734865857,0.05266790722127742,depthwise,0.027626520307295524,4,4.0,,36.54333608254651,0.0002229765668276331,7.484256336667545,0.8452111909020197,0.763242220065993,"[1504, 1857, 1541]","[0.9449687539929944, 0.9450468417984607, 0.9455305136375551]",0.00024846418287654274,,"{""colsample_bynode"": 0.6382905875167972, ""colsample_bytree"": 0.6622737734865857, ""gamma"": 0.05266790722127742, ""grow_policy"": ""depthwise"", ""learning_rate"": 0.027626520307295524, ""max_delta_step"": 4, ""min_child_weight"": 36.54333608254651, ""reg_alpha"": 0.0002229765668276331, ""reg_lambda"": 7.484256336667545, ""scale_pos_weight"": 0.8452111909020197, ""subsample"": 0.763242220065993, ""max_depth"": 4, ""max_leaves"": 144}",COMPLETE
15,0.9452398984636394,2026-09-15 18:50:07.989569,2026-09-15 18:55:28.871396,0 days 00:05:20.881827,0.782535886780595,0.6330455959937268,0.043469032979451865,depthwise,0.02341602975610943,4,4.0,,6.098410575077546,0.0011761964437550726,4.531941539548038,1.3266598960380007,0.7915420977472247,"[1506, 1632, 2030]","[0.9449766364535784, 0.9451519957587168, 0.9455910631786233]",0.00025842499138935987,,"{""colsample_bynode"": 0.782535886780595, ""colsample_bytree"": 0.6330455959937268, ""gamma"": 0.043469032979451865, ""grow_policy"": ""depthwise"", ""learning_rate"": 0.02341602975610943, ""max_delta_step"": 4, ""min_child_weight"": 6.098410575077546, ""reg_alpha"": 0.0011761964437550726, ""reg_lambda"": 4.531941539548038, ""scale_pos_weight"": 1.3266598960380007, ""subsample"": 0.7915420977472247, ""max_depth"": 4, ""max_leaves"": 159}",COMPLETE
16,0.9452159722319665,2026-09-15 18:55:28.935070,2026-09-15 19:00:37.470695,0 days 00:05:08.535625,0.6878671748203815,0.6567078893400873,0.3480546876294492,depthwise,0.026203359823641036,4,4.0,,58.061013582559085,0.0006628579243951228,5.542315325240822,1.2392397824242276,0.8661457709925774,"[1537, 1861, 1582]","[0.9450141581222073, 0.9450881234531902, 0.945545635120502]",0.00023505450801185326,,"{""colsample_bynode"": 0.6878671748203815, ""colsample_bytree"": 0.6567078893400873, ""gamma"": 0.3480546876294492, ""grow_policy"": ""depthwise"", ""learning_rate"": 0.026203359823641036, ""max_delta_step"": 4, ""min_child_weight"": 58.061013582559085, ""reg_alpha"": 0.0006628579243951228, ""reg_lambda"": 5.542315325240822, ""scale_pos_weight"": 1.2392397824242276, ""subsample"": 0.8661457709925774, ""max_depth"": 4, ""max_leaves"": 16}",COMPLETE
17,0.9451992411076776,2026-09-15 19:00:37.532072,2026-09-15 19:03:57.682185,0 days 00:03:20.150113,0.7736232577737339,0.6561158873959633,0.06368702276829766,depthwise,0.03356487122883567,4,4.0,,5.902991689757412,0.002951086869301714,1.3973510323345932,1.466956260612264,0.8132969028798073,"[1001, 993, 1045]","[0.9449976617480206, 0.9450900029642791, 0.9455100586107331]",0.0002229908297206737,,"{""colsample_bynode"": 0.7736232577737339, ""colsample_bytree"": 0.6561158873959633, ""gamma"": 0.06368702276829766, ""grow_policy"": ""depthwise"", ""learning_rate"": 0.03356487122883567, ""max_delta_step"": 4, ""min_child_weight"": 5.902991689757412, ""reg_alpha"": 0.002951086869301714, ""reg_lambda"": 1.3973510323345932, ""scale_pos_weight"": 1.466956260612264, ""subsample"": 0.8132969028798073, ""max_depth"": 4, ""max_leaves"": 142}",COMPLETE
18,0.9449770329919485,2026-09-15 19:03:57.746040,2026-09-15 19:05:38.258339,0 days 00:01:40.512299,0.7947001728620947,0.6020711454582902,0.0031892651423992492,depthwise,0.0384579037390046,4,5.0,,2.3578339940365267,0.002551762870613082,7.976799609497966,1.4035950972021585,0.7507321294953743,,,,,"{""colsample_bynode"": 0.7947001728620947, ""colsample_bytree"": 0.6020711454582902, ""gamma"": 0.0031892651423992492, ""grow_policy"": ""depthwise"", ""learning_rate"": 0.0384579037390046, ""max_delta_step"": 4, ""min_child_weight"": 2.3578339940365267, ""reg_alpha"": 0.002551762870613082, ""reg_lambda"": 7.976799609497966, ""scale_pos_weight"": 1.4035950972021585, ""subsample"": 0.7507321294953743, ""max_depth"": 5, ""max_leaves"": 157}",PRUNED
19,0.9452233043533097,2026-09-15 19:05:38.319500,2026-09-15 19:09:08.454001,0 days 00:03:30.134501,0.7510435144237538,0.5514633667660073,0.9815980599479297,depthwise,0.03642213055559009,4,4.0,,14.337050512090798,0.000555728567300389,1.5001944151179474,1.205029341836112,0.8813630244834307,"[971, 1125, 1177]","[0.9450067162370859, 0.9450884106375692, 0.9455747861852741]",0.0002507629723043475,,"{""colsample_bynode"": 0.7510435144237538, ""colsample_bytree"": 0.5514633667660073, ""gamma"": 0.9815980599479297, ""grow_policy"": ""depthwise"", ""learning_rate"": 0.03642213055559009, ""max_delta_step"": 4, ""min_child_weight"": 14.337050512090798, ""reg_alpha"": 0.000555728567300389, ""reg_lambda"": 1.5001944151179474, ""scale_pos_weight"": 1.205029341836112, ""subsample"": 0.8813630244834307, ""max_depth"": 4, ""max_leaves"": 143}",COMPLETE
20,0.9448562955915062,2026-09-15 19:09:08.517082,2026-09-15 19:11:46.192944,0 days 00:02:37.675862,0.726753167733682,0.7351906009533367,0.021176660903783926,depthwise,0.01890030336079338,4,8.0,,2.8714497807768837,0.00010114180005177812,1.6189926562884929,1.4510045983208737,0.7429513074056657,,,,,"{""colsample_bynode"": 0.726753167733682, ""colsample_bytree"": 0.7351906009533367, ""gamma"": 0.021176660903783926, ""grow_policy"": ""depthwise"", ""learning_rate"": 0.01890030336079338, ""max_delta_step"": 4, ""min_child_weight"": 2.8714497807768837, ""reg_alpha"": 0.00010114180005177812, ""reg_lambda"": 1.6189926562884929, ""scale_pos_weight"": 1.4510045983208737, ""subsample"": 0.7429513074056657, ""max_depth"": 8, ""max_leaves"": 135}",PRUNED
21,0.9452252163902783,2026-09-15 19:11:46.254196,2026-09-15 19:19:19.759078,0 days 00:07:33.504882,0.8527012488533505,0.6891643394834861,0.013630416793304656,depthwise,0.023409979254366595,4,3.0,,25.835395125589496,0.0005005556192709338,4.898780741402292,1.3178123335281078,0.8338729468521077,"[2533, 3263, 2931]","[0.9449619016132029, 0.9451363894208402, 0.9455773581367918]",0.0002589908054760319,,"{""colsample_bynode"": 0.8527012488533505, ""colsample_bytree"": 0.6891643394834861, ""gamma"": 0.013630416793304656, ""grow_policy"": ""depthwise"", ""learning_rate"": 0.023409979254366595, ""max_delta_step"": 4, ""min_child_weight"": 25.835395125589496, ""reg_alpha"": 0.0005005556192709338, ""reg_lambda"": 4.898780741402292, ""scale_pos_weight"": 1.3178123335281078, ""subsample"": 0.8338729468521077, ""max_depth"": 3, ""max_leaves"": 127}",COMPLETE
22,0.9452343158879,2026-09-15 19:19:19.821498,2026-09-15 19:25:56.096108,0 days 00:06:36.274610,0.8102646887583497,0.5801443175810319,0.02801459554248336,depthwise,0.030124619769256362,4,3.0,,16.189974599005065,0.0008151887221745,2.4015407789927816,1.0421385489786226,0.8180627196333469,"[2433, 2554, 2594]","[0.9449868582930654, 0.9451400275784031, 0.9455760617922315]",0.0002496102359522982,,"{""colsample_bynode"": 0.8102646887583497, ""colsample_bytree"": 0.5801443175810319, ""gamma"": 0.02801459554248336, ""grow_policy"": ""depthwise"", ""learning_rate"": 0.030124619769256362, ""max_delta_step"": 4, ""min_child_weight"": 16.189974599005065, ""reg_alpha"": 0.0008151887221745, ""reg_lambda"": 2.4015407789927816, ""scale_pos_weight"": 1.0421385489786226, ""subsample"": 0.8180627196333469, ""max_depth"": 3, ""max_leaves"": 154}",COMPLETE
23,0.9450354599349713,2026-09-15 19:25:56.157695,2026-09-15 19:28:45.693383,0 days 00:02:49.535688,0.5895762583532962,0.5819115043834893,0.1482969990950555,depthwise,0.030141128625531973,2,4.0,,9.911201880584649,0.0031418744300233496,5.349295440929049,0.755442264987543,0.7989349964009005,,,,,"{""colsample_bynode"": 0.5895762583532962, ""colsample_bytree"": 0.5819115043834893, ""gamma"": 0.1482969990950555, ""grow_policy"": ""depthwise"", ""learning_rate"": 0.030141128625531973, ""max_delta_step"": 2, ""min_child_weight"": 9.911201880584649, ""reg_alpha"": 0.0031418744300233496, ""reg_lambda"": 5.349295440929049, ""scale_pos_weight"": 0.755442264987543, ""subsample"": 0.7989349964009005, ""max_depth"": 4, ""max_leaves"": 158}",PRUNED
24,0.9452238524803885,2026-09-15 19:28:45.756095,2026-09-15 19:33:29.433606,0 days 00:04:43.677511,0.7772703400378284,0.6574914606241085,0.08149146672272582,depthwise,0.037074706029033705,4,3.0,,11.634037162871373,0.001331976278914988,6.808814311125316,1.0289737319823808,0.8380454084730864,"[1579, 1707, 1983]","[0.9449645471606328, 0.9451293748044867, 0.9455776354760461]",0.00025905449112357414,,"{""colsample_bynode"": 0.7772703400378284, ""colsample_bytree"": 0.6574914606241085, ""gamma"": 0.08149146672272582, ""grow_policy"": ""depthwise"", ""learning_rate"": 0.037074706029033705, ""max_delta_step"": 4, ""min_child_weight"": 11.634037162871373, ""reg_alpha"": 0.001331976278914988, ""reg_lambda"": 6.808814311125316, ""scale_pos_weight"": 1.0289737319823808, ""subsample"": 0.8380454084730864, ""max_depth"": 3, ""max_leaves"": 139}",COMPLETE
25,0.9452382735208041,2026-09-15 19:33:29.496301,2026-09-15 19:38:46.675075,0 days 00:05:17.178774,0.7745594641380167,0.6366345338191981,0.003433555161563705,depthwise,0.023110027441934387,4,4.0,,13.600533859702017,0.006634328857615142,2.8294440504975116,1.3642040726140907,0.8076135405786786,"[1307, 1876, 1924]","[0.9449966563841399, 0.945164083197703, 0.9455540809805698]",0.0002335361473914631,,"{""colsample_bynode"": 0.7745594641380167, ""colsample_bytree"": 0.6366345338191981, ""gamma"": 0.003433555161563705, ""grow_policy"": ""depthwise"", ""learning_rate"": 0.023110027441934387, ""max_delta_step"": 4, ""min_child_weight"": 13.600533859702017, ""reg_alpha"": 0.006634328857615142, ""reg_lambda"": 2.8294440504975116, ""scale_pos_weight"": 1.3642040726140907, ""subsample"": 0.8076135405786786, ""max_depth"": 4, ""max_leaves"": 148}",COMPLETE
26,0.9449950531994078,2026-09-15 19:38:46.736935,2026-09-15 19:40:58.911384,0 days 00:02:12.174449,0.7875698706321045,0.6741406015666889,0.0027790115979201874,depthwise,0.03348030866474957,4,5.0,,16.709331762869528,0.0015129088247858176,5.271901070984954,0.9892083054698287,0.8464054883829459,,,,,"{""colsample_bynode"": 0.7875698706321045, ""colsample_bytree"": 0.6741406015666889, ""gamma"": 0.0027790115979201874, ""grow_policy"": ""depthwise"", ""learning_rate"": 0.03348030866474957, ""max_delta_step"": 4, ""min_child_weight"": 16.709331762869528, ""reg_alpha"": 0.0015129088247858176, ""reg_lambda"": 5.271901070984954, ""scale_pos_weight"": 0.9892083054698287, ""subsample"": 0.8464054883829459, ""max_depth"": 5, ""max_leaves"": 159}",PRUNED
27,0.9450354262000153,2026-09-15 19:40:58.974836,2026-09-15 19:45:00.603880,0 days 00:04:01.629044,0.8200076004301841,0.630417675138643,1.866687060067243,depthwise,0.025005806219663154,4,3.0,,9.503324707201156,0.002164488363683064,5.2453957728276634,1.4109505956426713,0.7421723534583081,,,,,"{""colsample_bynode"": 0.8200076004301841, ""colsample_bytree"": 0.630417675138643, ""gamma"": 1.866687060067243, ""grow_policy"": ""depthwise"", ""learning_rate"": 0.025005806219663154, ""max_delta_step"": 4, ""min_child_weight"": 9.503324707201156, ""reg_alpha"": 0.002164488363683064, ""reg_lambda"": 5.2453957728276634, ""scale_pos_weight"": 1.4109505956426713, ""subsample"": 0.7421723534583081, ""max_depth"": 3, ""max_leaves"": 125}",PRUNED
28,0.9450206659533933,2026-09-15 19:45:00.666092,2026-09-15 19:48:05.615661,0 days 00:03:04.949569,0.6711670804347502,0.5817884883542016,1.2744942391145457,depthwise,0.02831563380290786,3,4.0,,26.111134276253193,0.003717140011399294,4.058462895635325,0.9097486839378414,0.8299024889442703,,,,,"{""colsample_bynode"": 0.6711670804347502, ""colsample_bytree"": 0.5817884883542016, ""gamma"": 1.2744942391145457, ""grow_policy"": ""depthwise"", ""learning_rate"": 0.02831563380290786, ""max_delta_step"": 3, ""min_child_weight"": 26.111134276253193, ""reg_alpha"": 0.003717140011399294, ""reg_lambda"": 4.058462895635325, ""scale_pos_weight"": 0.9097486839378414, ""subsample"": 0.8299024889442703, ""max_depth"": 4, ""max_leaves"": 147}",PRUNED
29,0.945022237079546,2026-09-15 19:48:05.678972,2026-09-15 19:51:18.067798,0 days 00:03:12.388826,0.662048828477639,0.6657848322048963,1.0230111986380095,depthwise,0.018766831206609394,3,6.0,,15.787185726180404,0.0006269643456185578,5.496169169899304,1.2744905764922312,0.8810919530336375,,,,,"{""colsample_bynode"": 0.662048828477639, ""colsample_bytree"": 0.6657848322048963, ""gamma"": 1.0230111986380095, ""grow_policy"": ""depthwise"", ""learning_rate"": 0.018766831206609394, ""max_delta_step"": 3, ""min_child_weight"": 15.787185726180404, ""reg_alpha"": 0.0006269643456185578, ""reg_lambda"": 5.496169169899304, ""scale_pos_weight"": 1.2744905764922312, ""subsample"": 0.8810919530336375, ""max_depth"": 6, ""max_leaves"": 154}",PRUNED
30,0.9452349786563383,2026-09-15 19:51:18.130886,2026-09-15 19:57:43.578589,0 days 00:06:25.447703,0.7444749457873766,0.5823921294421521,0.0974564677184135,depthwise,0.02726066549642807,4,3.0,,14.509528286731724,0.006196278551024413,10.444355405471248,1.468352142333131,0.8260621268041125,"[2104, 2602, 2607]","[0.9449973762467424, 0.9451224953665812, 0.9455850643556915]",0.0002527629933435252,,"{""colsample_bynode"": 0.7444749457873766, ""colsample_bytree"": 0.5823921294421521, ""gamma"": 0.0974564677184135, ""grow_policy"": ""depthwise"", ""learning_rate"": 0.02726066549642807, ""max_delta_step"": 4, ""min_child_weight"": 14.509528286731724, ""reg_alpha"": 0.006196278551024413, ""reg_lambda"": 10.444355405471248, ""scale_pos_weight"": 1.468352142333131, ""subsample"": 0.8260621268041125, ""max_depth"": 3, ""max_leaves"": 137}",COMPLETE
31,0.9452146462548082,2026-09-15 19:57:43.641157,2026-09-15 20:01:50.689128,0 days 00:04:07.047971,0.7606724159150258,0.6341843950008231,0.21396544137299903,depthwise,0.03093336817618346,4,4.0,,22.64875288008192,0.006785071360629969,2.636297133108206,1.0131258195422304,0.7946110483788671,"[1135, 1361, 1355]","[0.9449738706730352, 0.945125363439896, 0.9455447046514937]",0.00024144208901195004,,"{""colsample_bynode"": 0.7606724159150258, ""colsample_bytree"": 0.6341843950008231, ""gamma"": 0.21396544137299903, ""grow_policy"": ""depthwise"", ""learning_rate"": 0.03093336817618346, ""max_delta_step"": 4, ""min_child_weight"": 22.64875288008192, ""reg_alpha"": 0.006785071360629969, ""reg_lambda"": 2.636297133108206, ""scale_pos_weight"": 1.0131258195422304, ""subsample"": 0.7946110483788671, ""max_depth"": 4, ""max_leaves"": 152}",COMPLETE
32,0.9452151700738337,2026-09-15 20:01:50.751436,2026-09-15 20:07:48.005845,0 days 00:05:57.254409,0.7753334241292033,0.687911027112214,0.07437475051777302,depthwise,0.024317227112110918,4,4.0,,5.210838620965524,0.00012554472117229826,6.801781592276591,1.3622258774567495,0.7912054059650099,"[1469, 1942, 1898]","[0.9449844460202191, 0.9451250199078893, 0.9455360442933927]",0.00023403767938354628,,"{""colsample_bynode"": 0.7753334241292033, ""colsample_bytree"": 0.687911027112214, ""gamma"": 0.07437475051777302, ""grow_policy"": ""depthwise"", ""learning_rate"": 0.024317227112110918, ""max_delta_step"": 4, ""min_child_weight"": 5.210838620965524, ""reg_alpha"": 0.00012554472117229826, ""reg_lambda"": 6.801781592276591, ""scale_pos_weight"": 1.3622258774567495, ""subsample"": 0.7912054059650099, ""max_depth"": 4, ""max_leaves"": 128}",COMPLETE
33,0.9450406648106985,2026-09-15 20:07:48.074245,2026-09-15 20:13:07.913901,0 days 00:05:19.839656,0.8051895091051264,0.6375630466208584,0.02735220597262336,depthwise,0.020267982281624634,4,3.0,,8.346421522049786,0.003588903054862859,1.5366491578760824,1.54259990126323,0.7598226102457732,,,,,"{""colsample_bynode"": 0.8051895091051264, ""colsample_bytree"": 0.6375630466208584, ""gamma"": 0.02735220597262336, ""grow_policy"": ""depthwise"", ""learning_rate"": 0.020267982281624634, ""max_delta_step"": 4, ""min_child_weight"": 8.346421522049786, ""reg_alpha"": 0.003588903054862859, ""reg_lambda"": 1.5366491578760824, ""scale_pos_weight"": 1.54259990126323, ""subsample"": 0.7598226102457732, ""max_depth"": 3, ""max_leaves"": 112}",PRUNED
34,0.945215157795554,2026-09-15 20:13:07.991288,2026-09-15 20:20:00.590902,0 days 00:06:52.599614,0.832160184847119,0.6466944243423622,0.014832810550267857,depthwise,0.0253749434892685,4,5.0,,6.059080607462119,0.005907420523557507,3.13373329156259,1.2479208485278168,0.8290337274170809,"[846, 1038, 954]","[0.9449723281701633, 0.9451259121135765, 0.945547233102922]",0.000243039796797804,,"{""colsample_bynode"": 0.832160184847119, ""colsample_bytree"": 0.6466944243423622, ""gamma"": 0.014832810550267857, ""grow_policy"": ""depthwise"", ""learning_rate"": 0.0253749434892685, ""max_delta_step"": 4, ""min_child_weight"": 6.059080607462119, ""reg_alpha"": 0.005907420523557507, ""reg_lambda"": 3.13373329156259, ""scale_pos_weight"": 1.2479208485278168, ""subsample"": 0.8290337274170809, ""max_depth"": 5, ""max_leaves"": 152}",COMPLETE
35,0.9452645611176731,2026-09-15 20:20:00.712180,2026-09-15 20:28:14.976957,0 days 00:08:14.264777,0.7584304517087243,0.5978292900605948,0.0038802152798652722,depthwise,0.017180137641360983,4,4.0,,7.894647994722616,0.021064243806393965,2.7372394749792672,1.477805915528636,0.7822299348914639,"[1830, 2571, 2691]","[0.9450567952140849, 0.9451538275803018, 0.9455830605586326]",0.0002286704184950527,,"{""colsample_bynode"": 0.7584304517087243, ""colsample_bytree"": 0.5978292900605948, ""gamma"": 0.0038802152798652722, ""grow_policy"": ""depthwise"", ""learning_rate"": 0.017180137641360983, ""max_delta_step"": 4, ""min_child_weight"": 7.894647994722616, ""reg_alpha"": 0.021064243806393965, ""reg_lambda"": 2.7372394749792672, ""scale_pos_weight"": 1.477805915528636, ""subsample"": 0.7822299348914639, ""max_depth"": 4, ""max_leaves"": 132}",COMPLETE
36,0.9449309614667938,2026-09-15 20:28:15.045998,2026-09-15 20:30:22.784432,0 days 00:02:07.738434,0.7406216752183911,0.6518262662830637,0.01589412623382975,depthwise,0.02743887710100398,4,7.0,,6.7153345338263,0.0035903462792160946,5.0500930956855745,1.3340332246872186,0.7685990454310414,,,,,"{""colsample_bynode"": 0.7406216752183911, ""colsample_bytree"": 0.6518262662830637, ""gamma"": 0.01589412623382975, ""grow_policy"": ""depthwise"", ""learning_rate"": 0.02743887710100398, ""max_delta_step"": 4, ""min_child_weight"": 6.7153345338263, ""reg_alpha"": 0.0035903462792160946, ""reg_lambda"": 5.0500930956855745, ""scale_pos_weight"": 1.3340332246872186, ""subsample"": 0.7685990454310414, ""max_depth"": 7, ""max_leaves"": 155}",PRUNED
37,0.9450467507684011,2026-09-15 20:30:22.846140,2026-09-15 20:34:25.118772,0 days 00:04:02.272632,0.7367024268696756,0.6215412681019397,0.007857680363132679,depthwise,0.023202877253939113,4,5.0,,10.769039169077184,0.05060765181416938,4.206152534415104,1.3234116912948466,0.7668255752514815,,,,,"{""colsample_bynode"": 0.7367024268696756, ""colsample_bytree"": 0.6215412681019397, ""gamma"": 0.007857680363132679, ""grow_policy"": ""depthwise"", ""learning_rate"": 0.023202877253939113, ""max_delta_step"": 4, ""min_child_weight"": 10.769039169077184, ""reg_alpha"": 0.05060765181416938, ""reg_lambda"": 4.206152534415104, ""scale_pos_weight"": 1.3234116912948466, ""subsample"": 0.7668255752514815, ""max_depth"": 5, ""max_leaves"": 140}",PRUNED
38,0.9452363971676849,2026-09-15 20:34:25.288225,2026-09-15 20:55:30.559908,0 days 00:21:05.271683,0.7434359807803853,0.5690548346391778,0.16618010427316218,depthwise,0.02438450460865045,4,3.0,,16.25349904765361,0.0010123374723360076,2.3345232406805807,1.367333619509801,0.8709317863048984,"[2674, 2866, 3079]","[0.9449866447780472, 0.9451528619202095, 0.9455696848047979]",0.0002452448047379522,,"{""colsample_bynode"": 0.7434359807803853, ""colsample_bytree"": 0.5690548346391778, ""gamma"": 0.16618010427316218, ""grow_policy"": ""depthwise"", ""learning_rate"": 0.02438450460865045, ""max_delta_step"": 4, ""min_child_weight"": 16.25349904765361, ""reg_alpha"": 0.0010123374723360076, ""reg_lambda"": 2.3345232406805807, ""scale_pos_weight"": 1.367333619509801, ""subsample"": 0.8709317863048984, ""max_depth"": 3, ""max_leaves"": 150}",COMPLETE
39,0.9452205253424397,2026-09-15 20:55:30.694796,2026-09-15 21:10:44.462639,0 days 00:15:13.767843,0.7952307426443618,0.6743391545180261,0.01785756254677102,depthwise,0.024498009013788923,4,5.0,,2.5912844157731594,0.00047236620920831267,6.685861466316181,1.772887325014049,0.7465592204300884,"[914, 1308, 1239]","[0.9449642995027617, 0.9451453821391753, 0.9455518943853822]",0.00024569874815592245,,"{""colsample_bynode"": 0.7952307426443618, ""colsample_bytree"": 0.6743391545180261, ""gamma"": 0.01785756254677102, ""grow_policy"": ""depthwise"", ""learning_rate"": 0.024498009013788923, ""max_delta_step"": 4, ""min_child_weight"": 2.5912844157731594, ""reg_alpha"": 0.00047236620920831267, ""reg_lambda"": 6.685861466316181, ""scale_pos_weight"": 1.772887325014049, ""subsample"": 0.7465592204300884, ""max_depth"": 5, ""max_leaves"": 154}",COMPLETE
40,0.9452330273754943,2026-09-15 21:10:44.528706,2026-09-15 21:30:45.255762,0 days 00:20:00.727056,0.7266391036967814,0.6409502658999876,0.0016104415807148024,depthwise,0.027386758253789122,3,4.0,,9.812820640732859,0.005961915763533403,2.9502116114810297,1.3945756698745275,0.7599732199600698,"[1274, 1375, 1799]","[0.9449691593084559, 0.9451650347534323, 0.9455648880645949]",0.0002479118596247341,,"{""colsample_bynode"": 0.7266391036967814, ""colsample_bytree"": 0.6409502658999876, ""gamma"": 0.0016104415807148024, ""grow_policy"": ""depthwise"", ""learning_rate"": 0.027386758253789122, ""max_delta_step"": 3, ""min_child_weight"": 9.812820640732859, ""reg_alpha"": 0.005961915763533403, ""reg_lambda"": 2.9502116114810297, ""scale_pos_weight"": 1.3945756698745275, ""subsample"": 0.7599732199600698, ""max_depth"": 4, ""max_leaves"": 155}",COMPLETE
41,0.9452607167517028,2026-09-15 21:30:45.323163,2026-09-15 21:38:01.458686,0 days 00:07:16.135523,0.7710377137362229,0.5880180080369845,0.014697452134360802,depthwise,0.01642080887830887,4,4.0,,6.506710513310302,0.0014764691050710263,3.542183413907693,1.3519864752544382,0.7604128046074292,"[2140, 2428, 2420]","[0.9450291608687719, 0.9451591316586265, 0.9455938577277098]",0.00024146812622656915,,"{""colsample_bynode"": 0.7710377137362229, ""colsample_bytree"": 0.5880180080369845, ""gamma"": 0.014697452134360802, ""grow_policy"": ""depthwise"", ""learning_rate"": 0.01642080887830887, ""max_delta_step"": 4, ""min_child_weight"": 6.506710513310302, ""reg_alpha"": 0.0014764691050710263, ""reg_lambda"": 3.542183413907693, ""scale_pos_weight"": 1.3519864752544382, ""subsample"": 0.7604128046074292, ""max_depth"": 4, ""max_leaves"": 139}",COMPLETE
42,0.9452587226458397,2026-09-15 21:38:01.520830,2026-09-15 21:45:44.115584,0 days 00:07:42.594754,0.7532453203370103,0.6673516556251688,0.008997475041018466,depthwise,0.01570233755357877,4,4.0,,7.337061197535474,0.0008856806546030537,5.746700168122905,1.5066392004851352,0.7257640595114759,"[2235, 2674, 2911]","[0.9450172388688223, 0.9451694183475203, 0.9455895107211766]",0.0002420126877156085,,"{""colsample_bynode"": 0.7532453203370103, ""colsample_bytree"": 0.6673516556251688, ""gamma"": 0.008997475041018466, ""grow_policy"": ""depthwise"", ""learning_rate"": 0.01570233755357877, ""max_delta_step"": 4, ""min_child_weight"": 7.337061197535474, ""reg_alpha"": 0.0008856806546030537, ""reg_lambda"": 5.746700168122905, ""scale_pos_weight"": 1.5066392004851352, ""subsample"": 0.7257640595114759, ""max_depth"": 4, ""max_leaves"": 157}",COMPLETE
43,0.9452468208041211,2026-09-15 21:45:44.178576,2026-09-15 21:54:32.104998,0 days 00:08:47.926422,0.8100416324938656,0.6029587313312279,0.010543267649288621,depthwise,0.014096716724180301,4,4.0,,8.839867125251002,0.0007462022551887734,4.660181046597143,1.6180537280986627,0.7315979772946678,"[2493, 3334, 3161]","[0.9450192333281079, 0.945140826918731, 0.9455804021655245]",0.00024104445485837326,,"{""colsample_bynode"": 0.8100416324938656, ""colsample_bytree"": 0.6029587313312279, ""gamma"": 0.010543267649288621, ""grow_policy"": ""depthwise"", ""learning_rate"": 0.014096716724180301, ""max_delta_step"": 4, ""min_child_weight"": 8.839867125251002, ""reg_alpha"": 0.0007462022551887734, ""reg_lambda"": 4.660181046597143, ""scale_pos_weight"": 1.6180537280986627, ""subsample"": 0.7315979772946678, ""max_depth"": 4, ""max_leaves"": 144}",COMPLETE
44,0.9452088569384713,2026-09-15 21:54:32.167500,2026-09-15 21:59:50.849964,0 days 00:05:18.682464,0.8117335823733763,0.5596322279004271,0.004814033137742403,depthwise,0.017378017053395457,4,5.0,,6.057553300539306,0.00024619906127853867,3.330722076654953,1.6697252905215316,0.7142282757622955,,,,,"{""colsample_bynode"": 0.8117335823733763, ""colsample_bytree"": 0.5596322279004271, ""gamma"": 0.004814033137742403, ""grow_policy"": ""depthwise"", ""learning_rate"": 0.017378017053395457, ""max_delta_step"": 4, ""min_child_weight"": 6.057553300539306, ""reg_alpha"": 0.00024619906127853867, ""reg_lambda"": 3.330722076654953, ""scale_pos_weight"": 1.6697252905215316, ""subsample"": 0.7142282757622955, ""max_depth"": 5, ""max_leaves"": 140}",PRUNED
45,0.945047464319791,2026-09-15 21:59:50.913443,2026-09-15 22:02:56.398962,0 days 00:03:05.485519,0.7991408607162372,0.6502996926536053,0.0015091608371254374,depthwise,0.017786027367941666,4,6.0,,6.6164220803396185,0.0009315299481918564,3.6009985072228217,1.5124079506686832,0.7598374154973021,,,,,"{""colsample_bynode"": 0.7991408607162372, ""colsample_bytree"": 0.6502996926536053, ""gamma"": 0.0015091608371254374, ""grow_policy"": ""depthwise"", ""learning_rate"": 0.017786027367941666, ""max_delta_step"": 4, ""min_child_weight"": 6.6164220803396185, ""reg_alpha"": 0.0009315299481918564, ""reg_lambda"": 3.6009985072228217, ""scale_pos_weight"": 1.5124079506686832, ""subsample"": 0.7598374154973021, ""max_depth"": 6, ""max_leaves"": 143}",PRUNED
46,0.9452532811682492,2026-09-15 22:02:56.468393,2026-09-15 22:11:13.335003,0 days 00:08:16.866610,0.785739763165399,0.6132045267518771,0.012884692574093203,depthwise,0.01404704917320292,4,4.0,,7.8040421959812285,0.00023293623231166914,4.740621699032272,1.9584650134802777,0.7694426428989123,"[2427, 3170, 2815]","[0.945026529844273, 0.9451674840249223, 0.9455658296355525]",0.00022837385806436685,,"{""colsample_bynode"": 0.785739763165399, ""colsample_bytree"": 0.6132045267518771, ""gamma"": 0.012884692574093203, ""grow_policy"": ""depthwise"", ""learning_rate"": 0.01404704917320292, ""max_delta_step"": 4, ""min_child_weight"": 7.8040421959812285, ""reg_alpha"": 0.00023293623231166914, ""reg_lambda"": 4.740621699032272, ""scale_pos_weight"": 1.9584650134802777, ""subsample"": 0.7694426428989123, ""max_depth"": 4, ""max_leaves"": 146}",COMPLETE
47,0.9452169487318827,2026-09-15 22:11:13.399210,2026-09-15 22:18:31.988693,0 days 00:07:18.589483,0.8400047284957305,0.6388672904800574,0.01235200779048586,depthwise,0.014823224734361462,4,4.0,,11.08142677379473,0.0007001872342572796,4.275737364568579,1.5269141799380532,0.6851513287625363,,,,,"{""colsample_bynode"": 0.8400047284957305, ""colsample_bytree"": 0.6388672904800574, ""gamma"": 0.01235200779048586, ""grow_policy"": ""depthwise"", ""learning_rate"": 0.014823224734361462, ""max_delta_step"": 4, ""min_child_weight"": 11.08142677379473, ""reg_alpha"": 0.0007001872342572796, ""reg_lambda"": 4.275737364568579, ""scale_pos_weight"": 1.5269141799380532, ""subsample"": 0.6851513287625363, ""max_depth"": 4, ""max_leaves"": 142}",PRUNED
48,0.945223039626685,2026-09-15 22:18:32.051837,2026-09-15 22:25:50.769843,0 days 00:07:18.718006,0.8489098113465834,0.6875499129386186,0.019780343926705996,depthwise,0.013013893176400313,4,5.0,,6.372905286281618,0.0017649077746687018,4.304491261602152,1.4168435946754072,0.7254654278942502,"[1778, 2056, 2401]","[0.9450015330168843, 0.9451148914392244, 0.9455526944239461]",0.00023765064975972,,"{""colsample_bynode"": 0.8489098113465834, ""colsample_bytree"": 0.6875499129386186, ""gamma"": 0.019780343926705996, ""grow_policy"": ""depthwise"", ""learning_rate"": 0.013013893176400313, ""max_delta_step"": 4, ""min_child_weight"": 6.372905286281618, ""reg_alpha"": 0.0017649077746687018, ""reg_lambda"": 4.304491261602152, ""scale_pos_weight"": 1.4168435946754072, ""subsample"": 0.7254654278942502, ""max_depth"": 5, ""max_leaves"": 160}",COMPLETE
49,0.9452636365813257,2026-09-15 22:25:50.846876,2026-09-15 22:33:20.211764,0 days 00:07:29.364888,0.7716836761248512,0.603307990726846,0.01608346028137505,depthwise,0.016067349284426418,4,4.0,,7.650791397954196,0.004575867223932032,2.7827006782624784,1.611530208356584,0.762596732505873,"[2226, 2182, 2612]","[0.9450543508930394, 0.9451384420245804, 0.9455981168263573]",0.0002389917785730579,,"{""colsample_bynode"": 0.7716836761248512, ""colsample_bytree"": 0.603307990726846, ""gamma"": 0.01608346028137505, ""grow_policy"": ""depthwise"", ""learning_rate"": 0.016067349284426418, ""max_delta_step"": 4, ""min_child_weight"": 7.650791397954196, ""reg_alpha"": 0.004575867223932032, ""reg_lambda"": 2.7827006782624784, ""scale_pos_weight"": 1.611530208356584, ""subsample"": 0.762596732505873, ""max_depth"": 4, ""max_leaves"": 151}",COMPLETE
50,0.9452671228353416,2026-09-15 22:33:20.277083,2026-09-15 22:41:23.350957,0 days 00:08:03.073874,0.7661878820964553,0.5787250080114758,0.01618580400419477,depthwise,0.01458820909879117,4,4.0,,7.145819974277341,0.0005152502016929811,4.66322803269432,1.4793985096936029,0.8161122639088659,"[2713, 2867, 2682]","[0.9450505486080991, 0.9451651188908445, 0.9455857010070812]",0.00023007335939330718,,"{""colsample_bynode"": 0.7661878820964553, ""colsample_bytree"": 0.5787250080114758, ""gamma"": 0.01618580400419477, ""grow_policy"": ""depthwise"", ""learning_rate"": 0.01458820909879117, ""max_delta_step"": 4, ""min_child_weight"": 7.145819974277341, ""reg_alpha"": 0.0005152502016929811, ""reg_lambda"": 4.66322803269432, ""scale_pos_weight"": 1.4793985096936029, ""subsample"": 0.8161122639088659, ""max_depth"": 4, ""max_leaves"": 155}",COMPLETE
51,0.9452628650073133,2026-09-15 22:41:23.417155,2026-09-15 22:50:44.720874,0 days 00:09:21.303719,0.7482920056206172,0.6297555342149199,0.058023101082936936,depthwise,0.012630722775444605,4,4.0,,7.870113544420833,0.0004445189772862675,4.699892597468914,1.5157665081155962,0.777971007054164,"[2540, 3634, 3509]","[0.9450462197272573, 0.9451641375902707, 0.9455782377044115]",0.00022813900610624038,,"{""colsample_bynode"": 0.7482920056206172, ""colsample_bytree"": 0.6297555342149199, ""gamma"": 0.058023101082936936, ""grow_policy"": ""depthwise"", ""learning_rate"": 0.012630722775444605, ""max_delta_step"": 4, ""min_child_weight"": 7.870113544420833, ""reg_alpha"": 0.0004445189772862675, ""reg_lambda"": 4.699892597468914, ""scale_pos_weight"": 1.5157665081155962, ""subsample"": 0.777971007054164, ""max_depth"": 4, ""max_leaves"": 146}",COMPLETE
52,0.9452564641281477,2026-09-15 22:50:44.783303,2026-09-15 22:57:53.497501,0 days 00:07:08.714198,0.6993800735794975,0.5929708862385388,0.005885441504883122,depthwise,0.0173158374389976,4,4.0,,6.14493121400755,0.0006009579346723349,4.216355286091073,1.3378429373986331,0.7915936519349187,"[2354, 2311, 2633]","[0.9450258853891985, 0.945142440960574, 0.9456010660346703]",0.00024827290869656527,,"{""colsample_bynode"": 0.6993800735794975, ""colsample_bytree"": 0.5929708862385388, ""gamma"": 0.005885441504883122, ""grow_policy"": ""depthwise"", ""learning_rate"": 0.0173158374389976, ""max_delta_step"": 4, ""min_child_weight"": 6.14493121400755, ""reg_alpha"": 0.0006009579346723349, ""reg_lambda"": 4.216355286091073, ""scale_pos_weight"": 1.3378429373986331, ""subsample"": 0.7915936519349187, ""max_depth"": 4, ""max_leaves"": 132}",COMPLETE
53,0.9452600082598703,2026-09-15 22:57:53.559198,2026-09-15 23:05:55.122919,0 days 00:08:01.563721,0.7506769824708143,0.5939256450556628,0.033158791615912266,depthwise,0.014425903731692577,4,4.0,,13.176173970702866,0.0005184157597637374,2.6801097834837857,1.367136378501647,0.8049197020963431,"[2742, 2771, 2716]","[0.9450390961596534, 0.9451760605947293, 0.9455648680252281]",0.0002227022249843032,,"{""colsample_bynode"": 0.7506769824708143, ""colsample_bytree"": 0.5939256450556628, ""gamma"": 0.033158791615912266, ""grow_policy"": ""depthwise"", ""learning_rate"": 0.014425903731692577, ""max_delta_step"": 4, ""min_child_weight"": 13.176173970702866, ""reg_alpha"": 0.0005184157597637374, ""reg_lambda"": 2.6801097834837857, ""scale_pos_weight"": 1.367136378501647, ""subsample"": 0.8049197020963431, ""max_depth"": 4, ""max_leaves"": 141}",COMPLETE
54,0.9450492765921977,2026-09-15 23:05:55.184857,2026-09-15 23:10:07.503500,0 days 00:04:12.318643,0.7207456373417445,0.5918018412071919,0.05819073387218325,depthwise,0.014364647756802278,4,5.0,,6.952038652932326,0.0003277626621275943,5.039272594066763,1.4504035492710812,0.7166158344716577,,,,,"{""colsample_bynode"": 0.7207456373417445, ""colsample_bytree"": 0.5918018412071919, ""gamma"": 0.05819073387218325, ""grow_policy"": ""depthwise"", ""learning_rate"": 0.014364647756802278, ""max_delta_step"": 4, ""min_child_weight"": 6.952038652932326, ""reg_alpha"": 0.0003277626621275943, ""reg_lambda"": 5.039272594066763, ""scale_pos_weight"": 1.4504035492710812, ""subsample"": 0.7166158344716577, ""max_depth"": 5, ""max_leaves"": 156}",PRUNED
55,0.9452328785835284,2026-09-15 23:10:07.565994,2026-09-15 23:17:25.891611,0 days 00:07:18.325617,0.7153598870663609,0.6312584681170836,0.005141807441463428,depthwise,0.014373270567730587,4,4.0,,7.043101801686894,0.009029619208379249,2.095808439244614,1.7865887096632196,0.7512344771053616,"[2181, 2688, 2493]","[0.9450015318299139, 0.9451249856943357, 0.9455721182263357]",0.0002451161161561023,,"{""colsample_bynode"": 0.7153598870663609, ""colsample_bytree"": 0.6312584681170836, ""gamma"": 0.005141807441463428, ""grow_policy"": ""depthwise"", ""learning_rate"": 0.014373270567730587, ""max_delta_step"": 4, ""min_child_weight"": 7.043101801686894, ""reg_alpha"": 0.009029619208379249, ""reg_lambda"": 2.095808439244614, ""scale_pos_weight"": 1.7865887096632196, ""subsample"": 0.7512344771053616, ""max_depth"": 4, ""max_leaves"": 150}",COMPLETE
56,0.945256980640503,2026-09-15 23:17:25.954122,2026-09-15 23:25:31.645554,0 days 00:08:05.691432,0.6967378469384935,0.613657158395692,0.07470487615849863,depthwise,0.014249772181816861,4,4.0,,9.372694690164327,0.0006331369034924697,2.5770500438168,1.3985021707931118,0.7616801654804972,"[2651, 2863, 2769]","[0.9450172562544468, 0.9451533675127423, 0.9456003181543199]",0.00024905428451668947,,"{""colsample_bynode"": 0.6967378469384935, ""colsample_bytree"": 0.613657158395692, ""gamma"": 0.07470487615849863, ""grow_policy"": ""depthwise"", ""learning_rate"": 0.014249772181816861, ""max_delta_step"": 4, ""min_child_weight"": 9.372694690164327, ""reg_alpha"": 0.0006331369034924697, ""reg_lambda"": 2.5770500438168, ""scale_pos_weight"": 1.3985021707931118, ""subsample"": 0.7616801654804972, ""max_depth"": 4, ""max_leaves"": 143}",COMPLETE
57,0.9452555221536385,2026-09-15 23:25:31.708800,2026-09-15 23:34:41.355387,0 days 00:09:09.646587,0.6813760710036211,0.6064006378221531,0.03180995699644629,depthwise,0.01425894872973828,4,4.0,,5.842602173503045,0.0030802712557259112,7.664695351884031,1.3559020921246263,0.7978325143787299,"[2867, 3118, 3327]","[0.9450268061290759, 0.9451625970028324, 0.9455771633290074]",0.00023409339250021093,,"{""colsample_bynode"": 0.6813760710036211, ""colsample_bytree"": 0.6064006378221531, ""gamma"": 0.03180995699644629, ""grow_policy"": ""depthwise"", ""learning_rate"": 0.01425894872973828, ""max_delta_step"": 4, ""min_child_weight"": 5.842602173503045, ""reg_alpha"": 0.0030802712557259112, ""reg_lambda"": 7.664695351884031, ""scale_pos_weight"": 1.3559020921246263, ""subsample"": 0.7978325143787299, ""max_depth"": 4, ""max_leaves"": 159}",COMPLETE
58,0.9452583499359712,2026-09-15 23:34:41.419536,2026-09-15 23:44:07.488038,0 days 00:09:26.068502,0.7627766739404169,0.6057170947005853,0.00509042267012095,depthwise,0.013382565215818565,4,4.0,,7.3923771811391505,0.0019210395804550992,4.023587627795838,1.57104155724989,0.7563873507905203,"[2801, 3324, 3445]","[0.9450352843091289, 0.9451606512291676, 0.9455791142696172]",0.00023251743227049903,,"{""colsample_bynode"": 0.7627766739404169, ""colsample_bytree"": 0.6057170947005853, ""gamma"": 0.00509042267012095, ""grow_policy"": ""depthwise"", ""learning_rate"": 0.013382565215818565, ""max_delta_step"": 4, ""min_child_weight"": 7.3923771811391505, ""reg_alpha"": 0.0019210395804550992, ""reg_lambda"": 4.023587627795838, ""scale_pos_weight"": 1.57104155724989, ""subsample"": 0.7563873507905203, ""max_depth"": 4, ""max_leaves"": 156}",COMPLETE
59,0.9450467517527841,2026-09-15 23:44:07.550560,2026-09-15 23:47:54.978838,0 days 00:03:47.428278,0.8325975121820546,0.5551879603720359,0.020956753544621384,depthwise,0.016581609911374265,4,5.0,,7.687930175904884,0.0007067972112466738,5.553960994864355,1.575075092967487,0.7377171223843977,,,,,"{""colsample_bynode"": 0.8325975121820546, ""colsample_bytree"": 0.5551879603720359, ""gamma"": 0.020956753544621384, ""grow_policy"": ""depthwise"", ""learning_rate"": 0.016581609911374265, ""max_delta_step"": 4, ""min_child_weight"": 7.687930175904884, ""reg_alpha"": 0.0007067972112466738, ""reg_lambda"": 5.553960994864355, ""scale_pos_weight"": 1.575075092967487, ""subsample"": 0.7377171223843977, ""max_depth"": 5, ""max_leaves"": 154}",PRUNED
