member,fold,auc,best_iteration
tuned_direct,1,0.9438153893318584,3598
conservative_direct,1,0.9437863542923204,5992
recipe_residual,1,0.9438604888336338,3401
tuned_direct,2,0.9467828043526063,4233
conservative_direct,2,0.9466930599670527,5763
recipe_residual,2,0.9467993823935373,2956
tuned_direct,3,0.9455524086715035,2731
conservative_direct,3,0.9454784564428681,5268
recipe_residual,3,0.9455423101007328,2306
tuned_direct,4,0.946516024271214,3602
conservative_direct,4,0.9465077069340984,5998
recipe_residual,4,0.9465779500694823,3196
tuned_direct,5,0.9458178908417875,2784
conservative_direct,5,0.945775745581196,4737
recipe_residual,5,0.9458692184549673,2995
tuned_direct,6,0.9451445613752586,3015
conservative_direct,6,0.9451166853192129,5910
recipe_residual,6,0.9452179884694752,2685
tuned_direct,7,0.9457571249426968,2743
conservative_direct,7,0.9458202567001573,4618
recipe_residual,7,0.9458668838184999,3033
tuned_direct,8,0.946331877238429,3208
conservative_direct,8,0.9463126425144632,6000
recipe_residual,8,0.946388504582316,3176
tuned_direct,9,0.9457321243788362,3057
conservative_direct,9,0.9456784218487819,5161
recipe_residual,9,0.9457512210081437,3050
tuned_direct,10,0.9453662014633117,3088
conservative_direct,10,0.9453621703405864,5804
recipe_residual,10,0.9453781288075724,2442
