experiment,repeat,split_seed,fold,model_seed,encoding_seed,loaded_checkpoint,auc,best_rounds,rounds_trained,hit_round_limit,n_features,fit_seconds,test_prediction_seconds,fold_total_seconds,model_file,model_sha256
no_ratios_charging,1,20260932,1,20261219,20270916,False,0.94382023341850585,2474,2674,False,193,135.65232241699778,2.0353348009994079,150.22989015699932,repeat_01_fold_01.ubj,c2f322d0a8c7640a352eab8b3651008efe919ade9c80892154478e1d381dfe31
no_ratios_charging,1,20260932,2,20261220,20270917,False,0.94677457933552778,3323,3523,False,193,170.58678554200014,2.462323234998621,183.07769479199851,repeat_01_fold_02.ubj,6b53da80fa20ce1c936ad29cf23ef322267c07f7e6adbd6e3da84f3ed9ba9079
no_ratios_charging,1,20260932,3,20261221,20270918,False,0.94555799209424563,2887,3087,False,193,153.9995607790006,2.2727913359995,166.26614823899945,repeat_01_fold_03.ubj,506b48b942ddd720731c91ebdc6ca6a3d4f4ea4e53b7532cd64e25ed37adc23c
no_ratios_charging,1,20260932,4,20261222,20270919,False,0.94656393759462165,2873,3073,False,193,150.4542227790007,2.2724183249993075,162.63218769100058,repeat_01_fold_04.ubj,b8f472d14d6642a3bc576e011fe7bfa0b3888e37b8c462d11ee226622ee24cf9
no_ratios_charging,1,20260932,5,20261223,20270920,False,0.94596062770438172,3154,3354,False,193,163.2971393379994,2.4745133109972812,175.81427566900311,repeat_01_fold_05.ubj,f2dab20593e0ae3a47381598806dc824c1e13937e1debfc40837d8508870a0d2
no_ratios_charging,1,20260932,6,20261224,20270921,False,0.94528471053776986,2684,2884,False,193,143.83575966299759,2.1654261469993799,155.97128374000022,repeat_01_fold_06.ubj,fd4a71af05bec4587b2564cd9ea2bfd967851a47e41afeae1acb1eb59eff98f2
no_ratios_charging,1,20260932,7,20261225,20270922,False,0.94582758192355443,2450,2650,False,193,131.29738807299873,2.0959453219984425,143.33023248500103,repeat_01_fold_07.ubj,2581d83139a178fcdcf3c2781c1a41ccacff7e9a97d58fb280900459a80240cf
no_ratios_charging,1,20260932,8,20261226,20270923,False,0.94637048866008233,2711,2911,False,193,144.71997731399824,2.1867133939995256,156.80561214200134,repeat_01_fold_08.ubj,7ea5159de2810940ff29bda4b63c4602e287cfa588484c4f8c800a0b8fd15377
no_ratios_charging,1,20260932,9,20261227,20270924,False,0.94571626133681119,2428,2628,False,193,130.38009387200145,2.0477409970008011,142.44853308800157,repeat_01_fold_09.ubj,16a18f3a413e5c77311412e2d078339cdc0d7de06d42bd0e4c3fc67e65b6d4e2
no_ratios_charging,1,20260932,10,20261228,20270925,False,0.94542678002121705,2211,2411,False,193,121.61520890899919,1.9312895680013753,133.62610317999861,repeat_01_fold_10.ubj,7e92a82e9fd83bc6dd187d8d2258bda05309d6966fa4e37a8b6e32edf8d02f7f
no_ratios_charging,2,20261932,1,20361219,20370916,False,0.94655550854250325,3111,3311,False,193,165.27512446499895,2.4045340429984208,177.69707182800266,repeat_02_fold_01.ubj,b611dd45ef405efc524bb409ee7fd3d6dfa4b78f07937c4a2b3281bf54d1233c
no_ratios_charging,2,20261932,2,20361220,20370917,False,0.94592087888575915,1569,1769,False,193,89.586059610002849,1.587473545998364,101.35639231700043,repeat_02_fold_02.ubj,f83f6cd12e1e5d1703e9896ace1364768ac2abfbb8073b2fd3534c91223d2679
no_ratios_charging,2,20261932,3,20361221,20370918,False,0.94628410470127422,2059,2259,False,193,112.63008397600061,1.8365392170017003,124.36961205199987,repeat_02_fold_03.ubj,a8659a3c8c3bf00ad532dc1e004344ff6f0c51e8fe50353bece0870f60de67af
no_ratios_charging,2,20261932,4,20361222,20370919,False,0.94497518501020739,3532,3732,False,193,181.99593481500051,2.6662017320013547,193.42337975100236,repeat_02_fold_04.ubj,3353bb17eb7c189500b221cf79527d5885b4eec9cec4f2a5878d544734268244
no_ratios_charging,2,20261932,5,20361223,20370920,False,0.94662018066792308,2728,2928,False,193,143.67532548800227,2.2268930950012873,154.68979759299691,repeat_02_fold_05.ubj,d1642125e969dd9c644650e3051a33d198ebce4f58c98b498421bfd12b2e473f
no_ratios_charging,2,20261932,6,20361224,20370921,False,0.944212248546767,2794,2994,False,193,146.18387683399851,2.2234874480018334,157.30435800499981,repeat_02_fold_06.ubj,2c256fbd62638516f65f422038a67d0ea5962cb0c902239c942000e5c3eedb5c
no_ratios_charging,2,20261932,7,20361225,20370922,False,0.94642323228565473,2878,3078,False,193,152.10109721499975,2.2885878880006203,163.1370060090012,repeat_02_fold_07.ubj,b141014d6796951e147ac8bf5fcdd5ed9ce7f781a7f48ae45f5bfb4e92f935ad
no_ratios_charging,2,20261932,8,20361226,20370923,False,0.94576641917869542,2278,2478,False,193,123.54216820599686,1.9608508829987841,134.38570103600068,repeat_02_fold_08.ubj,e1e1e27900b00f3f0b0ec70837139a0ab56868db25e5c3a2f92b98f640c68d1a
no_ratios_charging,2,20261932,9,20361227,20370924,False,0.94638812520991167,2898,3098,False,193,153.9101888610021,2.366936202000943,165.10548777100121,repeat_02_fold_09.ubj,0b06133a0fd730ba567ff03a3823b0f7d7cf0c522c02c360c8fe550e5acaffae
no_ratios_charging,2,20261932,10,20361228,20370925,False,0.94355602176932885,2261,2461,False,193,121.6726936849991,1.9333032750000712,132.47641531299814,repeat_02_fold_10.ubj,e7102cbb447d21b76bf62218ce982d872584f3b694f4558d6d7f36e8cad290fe
